Team, Num Gates Passed, Lap Time (s), Num Gates Missed, Num Gates Attempted (Num Gates Passed + Num Gates Missed), Lag Time (s), Max Speed (m/s), Avg Speed (m/s) 
Dedale,20,30.115,0,20 / 20,969.885,16.485953274226798,11.326174393435922
Anon,20,45.661,0,20 / 20,951.3389999999999,14.595866602399933,7.54694891360327
JBR,20,72.577,0,20 / 20,927.423,9.29745178870613,4.7229838987772395
