Team,LagTime,LapTime,MaxSpeed,AvgSpeed,GatesMissed,GatesTotal
Anon,977.372,22.628,9.758894660770537,5.266516843409537,0,12
Dedale,969.885,30.115,16.485953274226798,11.326174393435922,0,20
