Team,LagTime,LapTime,MaxSpeed,AvgSpeed,GatesMissed,GatesTotal
Dedale,969.885,30.115,16.485953274226798,11.326174393435922,0,20
Anon,951.3389999999999,45.661,14.595866602399933,7.54694891360327,0,20
JBR,927.423,72.577,9.29745178870613,4.7229838987772395,0,20
