Team,LagTime,LapTime,MaxSpeed,AvgSpeed,GatesMissed,GatesTotal
Sangyun,919.296,80.704,8.653976656957232,3.7050900612611444,0,14
Kukks,776.546,208.454,13.06346029664679,3.944934589482362,7,14
