Team,LagTime,LapTime,MaxSpeed,AvgSpeed,GatesMissed,GatesTotal
Dédale,989.618,10.382,17.577355439970205,10.68126591880411,0,12
kvr,987.529,12.471,4.128124999999996,0.6026659281737261,11,12
